"0","library(tidyverse)"
"2","Registered S3 methods overwritten by 'dbplyr':
  method         from
  print.tbl_lazy     
  print.tbl_sql      
"
"2","[37m-- [1mAttaching packages[22m ---------------------------------------------------------------------------------- tidyverse 1.3.1 --[39m
"
"2","[37m[32mv[37m [34mggplot2[37m 3.3.5     [32mv[37m [34mpurrr  [37m 0.3.4
[32mv[37m [34mtibble [37m 3.1.2     [32mv[37m [34mdplyr  [37m 1.0.7
[32mv[37m [34mtidyr  [37m 1.1.3     [32mv[37m [34mstringr[37m 1.4.0
[32mv[37m [34mreadr  [37m 1.4.0     [32mv[37m [34mforcats[37m 0.5.1[39m
"
"2","[37m-- [1mConflicts[22m ------------------------------------------------------------------------------------- tidyverse_conflicts() --
[31mx[37m [34mdplyr[37m::[32mfilter()[37m masks [34mstats[37m::filter()
[31mx[37m [34mdplyr[37m::[32mlag()[37m    masks [34mstats[37m::lag()[39m
"
"0","library(vegan)"
"2","Loading required package: permute
"
"2","Loading required package: lattice
"
"2","This is vegan 2.5-7
"
"0","library(vegan3d)"
"2","Registered S3 method overwritten by 'htmlwidgets':
  method           from         
  print.htmlwidget tools:rstudio
"
"0","library(multcomp)"
"2","Loading required package: mvtnorm
"
"2","Loading required package: survival
"
"2","Loading required package: TH.data
"
"2","Loading required package: MASS
"
"2","
Attaching package: â€˜MASSâ€™

"
"2","The following object is masked from â€˜package:dplyrâ€™:

    select

"
"2","
Attaching package: â€˜TH.dataâ€™

"
"2","The following object is masked from â€˜package:MASSâ€™:

    geyser

"
"0","library(lme4)"
"2","Loading required package: Matrix
"
"2","
Attaching package: â€˜Matrixâ€™

"
"2","The following objects are masked from â€˜package:tidyrâ€™:

    expand, pack, unpack

"
"0","library(performance)"
"0","library(MuMIn)"
"0","library(blmeco)"
"2","Registered S3 method overwritten by 'data.table':
  method           from
  print.data.table     
"
"0","library(matrixStats)"
"2","
Attaching package: â€˜matrixStatsâ€™

"
"2","The following object is masked from â€˜package:dplyrâ€™:

    count

"
"0","library(ecodist)"
"2","
Attaching package: â€˜ecodistâ€™

"
"2","The following object is masked from â€˜package:veganâ€™:

    mantel

"
"0","library(MASS)"
"0","library(rgl)"
"0","library(ggeffects)"
"0","library(patchwork)"
"2","
Attaching package: â€˜patchworkâ€™

"
"2","The following object is masked from â€˜package:MASSâ€™:

    area

"
"0","options(na.action = ""na.fail"")"
